{"cameraMode":{"drawMode":0,"name":"Shaded","section":"Shading Mode"},"sceneLighting":true,"audioPlay":false,"sceneViewState":{"m_AlwaysRefresh":false,"showFog":true,"showSkybox":true,"showFlares":true,"showImageEffects":true,"showParticleSystems":true,"showVisualEffectGraphs":true,"m_FxEnabled":true},"in2DMode":false,"pivot":{"x":0.36718785762786868,"y":1.5902944803237916,"z":7.382358551025391},"rotation":{"x":0.08864207565784455,"y":-0.03404954448342323,"z":0.003026840277016163,"w":0.9954908490180969},"size":1.916075587272644,"orthographic":false}