{"cameraMode":{"drawMode":0,"name":"Shaded","section":"Shading Mode"},"sceneLighting":true,"audioPlay":false,"sceneViewState":{"m_AlwaysRefresh":false,"showFog":true,"showSkybox":true,"showFlares":true,"showImageEffects":true,"showParticleSystems":true,"showVisualEffectGraphs":true,"m_FxEnabled":true},"in2DMode":false,"pivot":{"x":-1.4889203310012818,"y":0.011496572755277157,"z":6.408569812774658},"rotation":{"x":0.3987733721733093,"y":0.34330111742019656,"z":-0.1640603393316269,"w":0.8344329595565796},"size":4.621026992797852,"orthographic":false}