{"cameraMode":{"drawMode":0,"name":"Shaded","section":"Shading Mode"},"sceneLighting":true,"audioPlay":false,"sceneViewState":{"m_AlwaysRefresh":false,"showFog":true,"showSkybox":true,"showFlares":true,"showImageEffects":true,"showParticleSystems":true,"showVisualEffectGraphs":true,"m_FxEnabled":true},"in2DMode":false,"pivot":{"x":0.0771065354347229,"y":3.3025879859924318,"z":-0.22597813606262208},"rotation":{"x":0.28677332401275637,"y":-0.052839189767837527,"z":0.01584119349718094,"w":0.9564229249954224},"size":1.916075587272644,"orthographic":false}